<?xml version='1.0' encoding='utf-8'?>
<TextureAtlas imagePath="bonus.png"><SubTexture name="bonus down0000" x="0" y="0" width="3004" height="3004" frameX="0" frameY="0" frameWidth="3004" frameHeight="3004" />
<SubTexture name="bonus down0001" x="3004" y="0" width="3004" height="3004" frameX="0" frameY="0" frameWidth="3004" frameHeight="3004" />
<SubTexture name="bonus down0002" x="6008" y="0" width="3004" height="3004" frameX="0" frameY="0" frameWidth="3004" frameHeight="3004" />
<SubTexture name="bonus idle0000" x="9012" y="0" width="3004" height="3004" frameX="0" frameY="0" frameWidth="3004" frameHeight="3004" />
<SubTexture name="bonus idle0001" x="0" y="3004" width="3004" height="3004" frameX="0" frameY="0" frameWidth="3004" frameHeight="3004" />
<SubTexture name="bonus idle0002" x="3004" y="3004" width="3004" height="3004" frameX="0" frameY="0" frameWidth="3004" frameHeight="3004" />
<SubTexture name="bonus idle0003" x="6008" y="3004" width="3004" height="3004" frameX="0" frameY="0" frameWidth="3004" frameHeight="3004" />
<SubTexture name="bonus idle0004" x="9012" y="3004" width="3004" height="3004" frameX="0" frameY="0" frameWidth="3004" frameHeight="3004" />
<SubTexture name="bonus idle0005" x="0" y="6008" width="3004" height="3004" frameX="0" frameY="0" frameWidth="3004" frameHeight="3004" />
<SubTexture name="bonus idle0006" x="3004" y="6008" width="3004" height="3004" frameX="0" frameY="0" frameWidth="3004" frameHeight="3004" />
<SubTexture name="bonus up0000" x="6008" y="6008" width="3004" height="3004" frameX="0" frameY="0" frameWidth="3004" frameHeight="3004" />
<SubTexture name="bonus up0001" x="9012" y="6008" width="3004" height="3004" frameX="0" frameY="0" frameWidth="3004" frameHeight="3004" />
<SubTexture name="bonus up0002" x="0" y="9012" width="3004" height="3004" frameX="0" frameY="0" frameWidth="3004" frameHeight="3004" />
<SubTexture name="bonus left0000" x="3004" y="9012" width="3004" height="3004" frameX="0" frameY="0" frameWidth="3004" frameHeight="3004" />
<SubTexture name="bonus left0001" x="6008" y="9012" width="3004" height="3004" frameX="0" frameY="0" frameWidth="3004" frameHeight="3004" />
<SubTexture name="bonus left0002" x="9012" y="9012" width="3004" height="3004" frameX="0" frameY="0" frameWidth="3004" frameHeight="3004" />
<SubTexture name="bonus right0000" x="0" y="12016" width="3004" height="3004" frameX="0" frameY="0" frameWidth="3004" frameHeight="3004" />
<SubTexture name="bonus right0001" x="3004" y="12016" width="3004" height="3004" frameX="0" frameY="0" frameWidth="3004" frameHeight="3004" />
<SubTexture name="bonus right0002" x="6008" y="12016" width="3004" height="3004" frameX="0" frameY="0" frameWidth="3004" frameHeight="3004" />
</TextureAtlas>
