<?xml version='1.0' encoding='utf-8'?>
<TextureAtlas imagePath="portraitsthree.png"><SubTexture name="portraitsthree error0000" x="0" y="0" width="3004" height="3004" frameX="0" frameY="0" frameWidth="3004" frameHeight="3004" />
<SubTexture name="portraits blank0000" x="3004" y="0" width="52" height="52" frameX="0" frameY="0" frameWidth="52" frameHeight="52" />
<SubTexture name="portraits blank0001" x="3056" y="0" width="52" height="52" frameX="0" frameY="0" frameWidth="52" frameHeight="52" />
<SubTexture name="portraits blank0002" x="3108" y="0" width="52" height="52" frameX="0" frameY="0" frameWidth="52" frameHeight="52" />
<SubTexture name="portraits sweat0000" x="0" y="3004" width="2004" height="1504" frameX="0" frameY="0" frameWidth="2004" frameHeight="1504" />
<SubTexture name="portraits sweat0001" x="2004" y="3004" width="2004" height="1504" frameX="0" frameY="0" frameWidth="2004" frameHeight="1504" />
<SubTexture name="portraits sweat0002" x="4008" y="3004" width="2004" height="1504" frameX="0" frameY="0" frameWidth="2004" frameHeight="1504" />
<SubTexture name="portraits sweat0003" x="6012" y="3004" width="2004" height="1504" frameX="0" frameY="0" frameWidth="2004" frameHeight="1504" />
<SubTexture name="portraits challenge0000" x="0" y="4508" width="2004" height="1504" frameX="0" frameY="0" frameWidth="2004" frameHeight="1504" />
<SubTexture name="portraits challenge0001" x="2004" y="4508" width="2004" height="1504" frameX="0" frameY="0" frameWidth="2004" frameHeight="1504" />
<SubTexture name="portraits challenge0002" x="4008" y="4508" width="2004" height="1504" frameX="0" frameY="0" frameWidth="2004" frameHeight="1504" />
<SubTexture name="portraits challenge0003" x="6012" y="4508" width="2004" height="1504" frameX="0" frameY="0" frameWidth="2004" frameHeight="1504" />
<SubTexture name="portraits happy0000" x="0" y="6012" width="2004" height="1504" frameX="0" frameY="0" frameWidth="2004" frameHeight="1504" />
<SubTexture name="portraits happy0001" x="2004" y="6012" width="2004" height="1504" frameX="0" frameY="0" frameWidth="2004" frameHeight="1504" />
<SubTexture name="portraits happy0002" x="4008" y="6012" width="2004" height="1504" frameX="0" frameY="0" frameWidth="2004" frameHeight="1504" />
<SubTexture name="portraits happy0003" x="6012" y="6012" width="2004" height="1504" frameX="0" frameY="0" frameWidth="2004" frameHeight="1504" />
<SubTexture name="portraits idkwhatthisis0000" x="0" y="7516" width="362" height="235" frameX="0" frameY="0" frameWidth="362" frameHeight="235" />
<SubTexture name="portraits blowinwindiguess0000" x="362" y="7516" width="383" height="276" frameX="0" frameY="0" frameWidth="383" frameHeight="276" />
<SubTexture name="portraits bfBeep0000" x="745" y="7516" width="350" height="237" frameX="0" frameY="0" frameWidth="350" frameHeight="237" />
<SubTexture name="portraits bf0000" x="1095" y="7516" width="351" height="230" frameX="0" frameY="0" frameWidth="351" frameHeight="230" />
<SubTexture name="portraits bfSkeleton0000" x="0" y="7792" width="330" height="241" frameX="0" frameY="0" frameWidth="330" frameHeight="241" />
<SubTexture name="portraits sweatBf0000" x="330" y="7792" width="357" height="237" frameX="0" frameY="0" frameWidth="357" frameHeight="237" />
<SubTexture name="portraits traumaBf0000" x="687" y="7792" width="309" height="264" frameX="0" frameY="0" frameWidth="309" frameHeight="264" />
</TextureAtlas>
