<?xml version='1.0' encoding='utf-8'?>
<TextureAtlas imagePath="jetrackSpritesRemadeBecauseXmlsAreStupid.png"><SubTexture name="jetrack idle0000" x="0" y="0" width="3004" height="3004" frameX="0" frameY="0" frameWidth="3004" frameHeight="3004" />
<SubTexture name="jetrack idle0001" x="3004" y="0" width="3004" height="3004" frameX="0" frameY="0" frameWidth="3004" frameHeight="3004" />
<SubTexture name="jetrack idle0002" x="6008" y="0" width="3004" height="3004" frameX="0" frameY="0" frameWidth="3004" frameHeight="3004" />
<SubTexture name="jetrack idle0003" x="9012" y="0" width="3004" height="3004" frameX="0" frameY="0" frameWidth="3004" frameHeight="3004" />
<SubTexture name="jetrack idle0004" x="0" y="3004" width="3004" height="3004" frameX="0" frameY="0" frameWidth="3004" frameHeight="3004" />
<SubTexture name="jetrack arrive0000" x="3004" y="3004" width="3004" height="3004" frameX="0" frameY="0" frameWidth="3004" frameHeight="3004" />
<SubTexture name="jetrack arrive0001" x="6008" y="3004" width="3004" height="3004" frameX="0" frameY="0" frameWidth="3004" frameHeight="3004" />
<SubTexture name="jetrack arrive0002" x="9012" y="3004" width="3004" height="3004" frameX="0" frameY="0" frameWidth="3004" frameHeight="3004" />
<SubTexture name="jetrack arrive0003" x="0" y="6008" width="3004" height="3004" frameX="0" frameY="0" frameWidth="3004" frameHeight="3004" />
<SubTexture name="jetrack arrive0004" x="3004" y="6008" width="3004" height="3004" frameX="0" frameY="0" frameWidth="3004" frameHeight="3004" />
<SubTexture name="jetrack arrive0005" x="6008" y="6008" width="3004" height="3004" frameX="0" frameY="0" frameWidth="3004" frameHeight="3004" />
<SubTexture name="jetrack arrive0006" x="9012" y="6008" width="3004" height="3004" frameX="0" frameY="0" frameWidth="3004" frameHeight="3004" />
<SubTexture name="jetrack arrive0007" x="0" y="9012" width="3004" height="3004" frameX="0" frameY="0" frameWidth="3004" frameHeight="3004" />
<SubTexture name="jetrack arrive0008" x="3004" y="9012" width="3004" height="3004" frameX="0" frameY="0" frameWidth="3004" frameHeight="3004" />
<SubTexture name="jetrack arrive0009" x="6008" y="9012" width="3004" height="3004" frameX="0" frameY="0" frameWidth="3004" frameHeight="3004" />
<SubTexture name="jetrack left0000" x="9012" y="9012" width="3004" height="3004" frameX="0" frameY="0" frameWidth="3004" frameHeight="3004" />
<SubTexture name="jetrack left0001" x="0" y="12016" width="3004" height="3004" frameX="0" frameY="0" frameWidth="3004" frameHeight="3004" />
<SubTexture name="jetrack left0002" x="3004" y="12016" width="3004" height="3004" frameX="0" frameY="0" frameWidth="3004" frameHeight="3004" />
<SubTexture name="jetrack down0000" x="6008" y="12016" width="3004" height="3004" frameX="0" frameY="0" frameWidth="3004" frameHeight="3004" />
<SubTexture name="jetrack down0001" x="9012" y="12016" width="3004" height="3004" frameX="0" frameY="0" frameWidth="3004" frameHeight="3004" />
<SubTexture name="jetrack down0002" x="0" y="15020" width="3004" height="3004" frameX="0" frameY="0" frameWidth="3004" frameHeight="3004" />
<SubTexture name="jetrack right0000" x="3004" y="15020" width="3004" height="3004" frameX="0" frameY="0" frameWidth="3004" frameHeight="3004" />
<SubTexture name="jetrack right0001" x="6008" y="15020" width="3004" height="3004" frameX="0" frameY="0" frameWidth="3004" frameHeight="3004" />
<SubTexture name="jetrack right0002" x="9012" y="15020" width="3004" height="3004" frameX="0" frameY="0" frameWidth="3004" frameHeight="3004" />
<SubTexture name="jetrack up0000" x="0" y="18024" width="3004" height="3004" frameX="0" frameY="0" frameWidth="3004" frameHeight="3004" />
<SubTexture name="jetrack up0001" x="3004" y="18024" width="3004" height="3004" frameX="0" frameY="0" frameWidth="3004" frameHeight="3004" />
<SubTexture name="jetrack up0002" x="6008" y="18024" width="3004" height="3004" frameX="0" frameY="0" frameWidth="3004" frameHeight="3004" />
<SubTexture name="jetrack annoyed right0000" x="9012" y="18024" width="3004" height="3004" frameX="0" frameY="0" frameWidth="3004" frameHeight="3004" />
<SubTexture name="jetrack annoyed right0001" x="0" y="21028" width="3004" height="3004" frameX="0" frameY="0" frameWidth="3004" frameHeight="3004" />
<SubTexture name="jetrack annoyed right0002" x="3004" y="21028" width="3004" height="3004" frameX="0" frameY="0" frameWidth="3004" frameHeight="3004" />
<SubTexture name="jetrack annoyed right0003" x="6008" y="21028" width="3004" height="3004" frameX="0" frameY="0" frameWidth="3004" frameHeight="3004" />
<SubTexture name="jetrack annoyed down0000" x="9012" y="21028" width="3004" height="3004" frameX="0" frameY="0" frameWidth="3004" frameHeight="3004" />
<SubTexture name="jetrack annoyed down0001" x="0" y="24032" width="3004" height="3004" frameX="0" frameY="0" frameWidth="3004" frameHeight="3004" />
<SubTexture name="jetrack annoyed down0002" x="3004" y="24032" width="3004" height="3004" frameX="0" frameY="0" frameWidth="3004" frameHeight="3004" />
<SubTexture name="jetrack annoyed down0003" x="6008" y="24032" width="3004" height="3004" frameX="0" frameY="0" frameWidth="3004" frameHeight="3004" />
<SubTexture name="jetrack annoyed idle0000" x="9012" y="24032" width="3004" height="3004" frameX="0" frameY="0" frameWidth="3004" frameHeight="3004" />
<SubTexture name="jetrack annoyed idle0001" x="0" y="27036" width="3004" height="3004" frameX="0" frameY="0" frameWidth="3004" frameHeight="3004" />
<SubTexture name="jetrack annoyed idle0002" x="3004" y="27036" width="3004" height="3004" frameX="0" frameY="0" frameWidth="3004" frameHeight="3004" />
<SubTexture name="jetrack annoyed idle0003" x="6008" y="27036" width="3004" height="3004" frameX="0" frameY="0" frameWidth="3004" frameHeight="3004" />
<SubTexture name="jetrack annoyed idle0004" x="9012" y="27036" width="3004" height="3004" frameX="0" frameY="0" frameWidth="3004" frameHeight="3004" />
</TextureAtlas>
