<?xml version='1.0' encoding='utf-8'?>
<TextureAtlas imagePath="jetrack_is_kinda_annoyed_not_gonna_lie.png"><SubTexture name="jetrack is kinda annoyed not gonna lie down0000" x="0" y="0" width="3004" height="3004" frameX="0" frameY="0" frameWidth="3004" frameHeight="3004" />
<SubTexture name="jetrack is kinda annoyed not gonna lie down0001" x="3004" y="0" width="3004" height="3004" frameX="0" frameY="0" frameWidth="3004" frameHeight="3004" />
<SubTexture name="jetrack is kinda annoyed not gonna lie down0002" x="6008" y="0" width="3004" height="3004" frameX="0" frameY="0" frameWidth="3004" frameHeight="3004" />
<SubTexture name="jetrack is kinda annoyed not gonna lie down0003" x="9012" y="0" width="3004" height="3004" frameX="0" frameY="0" frameWidth="3004" frameHeight="3004" />
<SubTexture name="jetrack is kinda annoyed not gonna lie idle0000" x="0" y="3004" width="3004" height="3004" frameX="0" frameY="0" frameWidth="3004" frameHeight="3004" />
<SubTexture name="jetrack is kinda annoyed not gonna lie idle0001" x="3004" y="3004" width="3004" height="3004" frameX="0" frameY="0" frameWidth="3004" frameHeight="3004" />
<SubTexture name="jetrack is kinda annoyed not gonna lie idle0002" x="6008" y="3004" width="3004" height="3004" frameX="0" frameY="0" frameWidth="3004" frameHeight="3004" />
<SubTexture name="jetrack is kinda annoyed not gonna lie idle0003" x="9012" y="3004" width="3004" height="3004" frameX="0" frameY="0" frameWidth="3004" frameHeight="3004" />
<SubTexture name="jetrack is kinda annoyed not gonna lie idle0004" x="0" y="6008" width="3004" height="3004" frameX="0" frameY="0" frameWidth="3004" frameHeight="3004" />
<SubTexture name="jetrack is kinda annoyed not gonna lie left0000" x="3004" y="6008" width="3004" height="3004" frameX="0" frameY="0" frameWidth="3004" frameHeight="3004" />
<SubTexture name="jetrack is kinda annoyed not gonna lie left0001" x="6008" y="6008" width="3004" height="3004" frameX="0" frameY="0" frameWidth="3004" frameHeight="3004" />
<SubTexture name="jetrack is kinda annoyed not gonna lie left0002" x="9012" y="6008" width="3004" height="3004" frameX="0" frameY="0" frameWidth="3004" frameHeight="3004" />
<SubTexture name="jetrack is kinda annoyed not gonna lie left0003" x="0" y="9012" width="3004" height="3004" frameX="0" frameY="0" frameWidth="3004" frameHeight="3004" />
<SubTexture name="jetrack is kinda annoyed not gonna lie right0000" x="3004" y="9012" width="3004" height="3004" frameX="0" frameY="0" frameWidth="3004" frameHeight="3004" />
<SubTexture name="jetrack is kinda annoyed not gonna lie right0001" x="6008" y="9012" width="3004" height="3004" frameX="0" frameY="0" frameWidth="3004" frameHeight="3004" />
<SubTexture name="jetrack is kinda annoyed not gonna lie right0002" x="9012" y="9012" width="3004" height="3004" frameX="0" frameY="0" frameWidth="3004" frameHeight="3004" />
<SubTexture name="jetrack is kinda annoyed not gonna lie right0003" x="0" y="12016" width="3004" height="3004" frameX="0" frameY="0" frameWidth="3004" frameHeight="3004" />
<SubTexture name="jetrack is kinda annoyed not gonna lie up0000" x="3004" y="12016" width="3004" height="3004" frameX="0" frameY="0" frameWidth="3004" frameHeight="3004" />
<SubTexture name="jetrack is kinda annoyed not gonna lie up0001" x="6008" y="12016" width="3004" height="3004" frameX="0" frameY="0" frameWidth="3004" frameHeight="3004" />
<SubTexture name="jetrack is kinda annoyed not gonna lie up0002" x="9012" y="12016" width="3004" height="3004" frameX="0" frameY="0" frameWidth="3004" frameHeight="3004" />
<SubTexture name="jetrack is kinda annoyed not gonna lie up0003" x="0" y="15020" width="3004" height="3004" frameX="0" frameY="0" frameWidth="3004" frameHeight="3004" />
</TextureAtlas>
