<?xml version='1.0' encoding='utf-8'?>
<TextureAtlas imagePath="portraitstwo.png"><SubTexture name="portraitstwo error0000" x="0" y="0" width="3004" height="3004" frameX="0" frameY="0" frameWidth="3004" frameHeight="3004" />
<SubTexture name="portraitstwo blank0000" x="3004" y="0" width="52" height="52" frameX="0" frameY="0" frameWidth="52" frameHeight="52" />
<SubTexture name="portraitstwo blank0001" x="3056" y="0" width="52" height="52" frameX="0" frameY="0" frameWidth="52" frameHeight="52" />
<SubTexture name="portraitstwo blank0002" x="3108" y="0" width="52" height="52" frameX="0" frameY="0" frameWidth="52" frameHeight="52" />
<SubTexture name="portraitstwo sweat0000" x="0" y="3004" width="2004" height="1504" frameX="0" frameY="0" frameWidth="2004" frameHeight="1504" />
<SubTexture name="portraitstwo sweat0001" x="2004" y="3004" width="2004" height="1504" frameX="0" frameY="0" frameWidth="2004" frameHeight="1504" />
<SubTexture name="portraitstwo sweat0002" x="4008" y="3004" width="2004" height="1504" frameX="0" frameY="0" frameWidth="2004" frameHeight="1504" />
<SubTexture name="portraitstwo sweat0003" x="6012" y="3004" width="2004" height="1504" frameX="0" frameY="0" frameWidth="2004" frameHeight="1504" />
<SubTexture name="portraitstwo challenge0000" x="0" y="4508" width="2004" height="1504" frameX="0" frameY="0" frameWidth="2004" frameHeight="1504" />
<SubTexture name="portraitstwo challenge0001" x="2004" y="4508" width="2004" height="1504" frameX="0" frameY="0" frameWidth="2004" frameHeight="1504" />
<SubTexture name="portraitstwo challenge0002" x="4008" y="4508" width="2004" height="1504" frameX="0" frameY="0" frameWidth="2004" frameHeight="1504" />
<SubTexture name="portraitstwo challenge0003" x="6012" y="4508" width="2004" height="1504" frameX="0" frameY="0" frameWidth="2004" frameHeight="1504" />
<SubTexture name="portraitstwo happy0000" x="0" y="6012" width="2004" height="1504" frameX="0" frameY="0" frameWidth="2004" frameHeight="1504" />
<SubTexture name="portraitstwo happy0001" x="2004" y="6012" width="2004" height="1504" frameX="0" frameY="0" frameWidth="2004" frameHeight="1504" />
<SubTexture name="portraitstwo happy0002" x="4008" y="6012" width="2004" height="1504" frameX="0" frameY="0" frameWidth="2004" frameHeight="1504" />
<SubTexture name="portraitstwo happy0003" x="6012" y="6012" width="2004" height="1504" frameX="0" frameY="0" frameWidth="2004" frameHeight="1504" />
</TextureAtlas>
