<?xml version='1.0' encoding='utf-8'?>
<TextureAtlas imagePath="portraits.png"><SubTexture name="portraits challenge0000" x="0" y="0" width="2004" height="1504" frameX="0" frameY="0" frameWidth="2004" frameHeight="1504" />
<SubTexture name="portraits challenge0001" x="2004" y="0" width="2004" height="1504" frameX="0" frameY="0" frameWidth="2004" frameHeight="1504" />
<SubTexture name="portraits challenge0002" x="4008" y="0" width="2004" height="1504" frameX="0" frameY="0" frameWidth="2004" frameHeight="1504" />
<SubTexture name="portraits challenge0003" x="6012" y="0" width="2004" height="1504" frameX="0" frameY="0" frameWidth="2004" frameHeight="1504" />
<SubTexture name="portraits happy0000" x="0" y="1504" width="2004" height="1504" frameX="0" frameY="0" frameWidth="2004" frameHeight="1504" />
<SubTexture name="portraits happy0001" x="2004" y="1504" width="2004" height="1504" frameX="0" frameY="0" frameWidth="2004" frameHeight="1504" />
<SubTexture name="portraits happy0002" x="4008" y="1504" width="2004" height="1504" frameX="0" frameY="0" frameWidth="2004" frameHeight="1504" />
<SubTexture name="portraits happy0003" x="6012" y="1504" width="2004" height="1504" frameX="0" frameY="0" frameWidth="2004" frameHeight="1504" />
<SubTexture name="portraits sweat0000" x="0" y="3008" width="2004" height="1504" frameX="0" frameY="0" frameWidth="2004" frameHeight="1504" />
<SubTexture name="portraits sweat0001" x="2004" y="3008" width="2004" height="1504" frameX="0" frameY="0" frameWidth="2004" frameHeight="1504" />
<SubTexture name="portraits sweat0002" x="4008" y="3008" width="2004" height="1504" frameX="0" frameY="0" frameWidth="2004" frameHeight="1504" />
<SubTexture name="portraits sweat0003" x="6012" y="3008" width="2004" height="1504" frameX="0" frameY="0" frameWidth="2004" frameHeight="1504" />
</TextureAtlas>
